,cycle,amb_temp,date_time,voltage_battery,current_battery,temp_battery,current_load,voltage_load,time,capacity,trip
0,1,24,"02 Apr 2008, 15:25:41",3.277169976825196,-0.0065283512516069,34.230852841540965,-0.0006,0.0,3690.234,1.8564874208181572,B0005_discharge.csv
1,3,24,"02 Apr 2008, 19:43:48",3.3002448871222545,-0.0004475525791171,34.3921365871887,-0.0006,0.0,3672.344,1.846327249719927,B0005_discharge.csv
2,5,24,"03 Apr 2008, 00:01:06",3.327451009868628,0.0010260185593644,34.23277871576327,-0.0006,0.0,3651.641,1.835349194223408,B0005_discharge.csv
3,7,24,"03 Apr 2008, 04:16:37",3.314181858907029,-0.0022336216958504,34.413449952605504,-0.0006,0.0,3631.563,1.8352625275821128,B0005_discharge.csv
4,9,24,"03 Apr 2008, 08:33:25",3.30549673128648,9.237228410233749e-06,34.34588498997869,-0.0006,0.0,3629.172,1.8346455082120416,B0005_discharge.csv
5,11,24,"03 Apr 2008, 12:55:10",3.302329112973759,-0.0039672301115556,34.20092692100587,-0.0006,0.001,3652.281,1.8356616600675493,B0005_discharge.csv
6,13,24,"03 Apr 2008, 17:17:16",3.2937406695499014,-0.0034248271938185,34.298284762513184,-0.0006,0.0,3650.828,1.8351461429226603,B0005_discharge.csv
7,15,24,"03 Apr 2008, 21:28:14",3.3162307407741536,0.0017102389699127,34.76224183630716,-0.0006,0.0,3572.453,1.8257567905665535,B0005_discharge.csv
8,17,24,"04 Apr 2008, 01:38:15",3.297410935416153,-0.00100405237818,35.05182952791622,-0.0004,0.0,3550.594,1.8247738529891333,B0005_discharge.csv
9,19,24,"04 Apr 2008, 05:48:08",3.2884044830952868,0.0012614014099626,35.02973666184703,-0.0006,0.0,3551.25,1.824613268496936,B0005_discharge.csv
10,21,24,"04 Apr 2008, 09:57:19",3.2662755750614747,0.0002850517079693,35.32247968803144,-0.0006,0.0,3530.25,1.8246195526864504,B0005_discharge.csv
11,24,24,"04 Apr 2008, 17:56:27",3.296199859463087,-0.0007757313952882,35.59296016104038,-0.0006,0.0,3491.016,1.814201935767392,B0005_discharge.csv
12,26,24,"04 Apr 2008, 22:01:54",3.2717574155336004,-0.0004724383560177,35.96127245490519,-0.0006,0.0,3470.281,1.8137521577549052,B0005_discharge.csv
13,28,24,"05 Apr 2008, 02:20:26",3.264855084085025,-0.0025059931998262,35.86960969538033,-0.0006,0.0,3470.0,1.8134404914735824,B0005_discharge.csv
14,30,24,"05 Apr 2008, 06:25:01",3.309111201518355,-3.782314130409493e-05,35.53204380823203,-0.0006,0.0,3450.297,1.8025980036306504,B0005_discharge.csv
15,32,24,"05 Apr 2008, 10:30:32",3.288149052868925,-0.0013593325342655,35.810312891427124,-0.0006,0.0,3429.407,1.80210690024615,B0005_discharge.csv
16,34,24,"05 Apr 2008, 14:34:41",3.260754100903525,-0.0007935553983644,36.24247715216247,-0.0006,0.001,3409.484,1.802579500826209,B0005_discharge.csv
17,36,24,"05 Apr 2008, 18:39:25",3.2294668217844102,-0.0044078937118165,36.70221725120032,-0.0006,0.0,3390.422,1.8030683142834096,B0005_discharge.csv
18,38,24,"05 Apr 2008, 22:46:35",3.224378894859077,-0.0018621257169797,36.77890978053394,-0.0006,0.0,3390.281,1.802777624719604,B0005_discharge.csv
19,41,24,"18 Apr 2008, 21:10:19",3.2587403321633976,-3.5420680093982313e-05,34.93481911198889,-0.0006,0.0,3591.734,1.8470259949329195,B0005_discharge.csv
20,45,24,"19 Apr 2008, 02:29:09",3.2180462147957645,0.000151942055123,36.06881902912957,-0.0006,0.0,3552.297,1.847417311283644,B0005_discharge.csv
21,49,24,"19 Apr 2008, 07:47:15",3.2573096268397737,-0.002765735473532,35.57131957324699,-0.0006,0.0,3531.578,1.8361774213478947,B0005_discharge.csv
22,53,24,"19 Apr 2008, 13:01:42",3.2802567474945943,-0.0001953488936994,35.495530791461825,-0.0006,0.0,3492.907,1.825780747577624,B0005_discharge.csv
23,57,24,"19 Apr 2008, 18:27:29",3.279765451158692,-0.0019147055963251,35.20943493671208,-0.0006,0.0,3511.594,1.8251136435078368,B0005_discharge.csv
24,61,24,"19 Apr 2008, 23:41:55",3.2050689156049863,-0.0002569147850368,36.50765859144094,-0.0006,0.0,3431.9370000000054,1.825581504220376,B0005_discharge.csv
25,65,24,"20 Apr 2008, 04:54:41",3.276866922356563,0.0006643566078412,35.875137593603206,-0.0008,0.0,3431.125,1.814031127508391,B0005_discharge.csv
26,69,24,"20 Apr 2008, 10:16:28",3.2311300277309924,-0.0025981755530684,36.32486455253682,-0.0006,0.0,3412.406,1.8147691941158937,B0005_discharge.csv
27,73,24,"20 Apr 2008, 15:37:05",3.2220257725268318,-0.0001462630300855,36.40687719604908,-0.0006,0.0,3410.688,1.813969388710352,B0005_discharge.csv
28,77,24,"20 Apr 2008, 20:50:38",3.290082793730788,-0.0040120550638096,35.87417260042261,-0.0008,0.0,3410.718,1.802765665167823,B0005_discharge.csv
29,81,24,"21 Apr 2008, 02:15:02",3.2511761852414898,-0.0014514303266952,36.40595071319766,-0.0006,0.0,3392.719,1.804077040117352,B0005_discharge.csv
30,85,24,"22 Apr 2008, 15:33:49",3.249283482317545,-0.0014997014832476,36.28230124882153,0.0006,0.0,3470.672,1.8518025516704488,B0005_discharge.csv
31,89,24,"22 Apr 2008, 20:26:18",3.260087599199005,-0.0012288150483861,36.73981915365346,0.0006,0.0,3414.109,1.8307038456739428,B0005_discharge.csv
32,93,24,"23 Apr 2008, 01:18:11",3.281146601420838,0.0019472390588109,36.49603036085123,0.0008,0.0,3395.219,1.8199041089501269,B0005_discharge.csv
33,97,24,"23 Apr 2008, 06:18:19",3.309371520154756,-0.0010035263789735,36.04392363754878,0.0006,0.0,3386.0,1.809307963702852,B0005_discharge.csv
34,101,24,"23 Apr 2008, 11:08:00",3.295594467656429,-0.0018349698822342,36.224445388722245,0.0006,0.0,3368.187,1.80460990458052,B0005_discharge.csv
35,105,24,"23 Apr 2008, 16:06:25",3.317198245350349,-0.0001708683693511,36.4812957908369,0.0006,0.0,3368.266,1.7993770651972192,B0005_discharge.csv
36,109,24,"23 Apr 2008, 21:02:58",3.3478185065039905,-0.0008312254387819,35.98576133404224,0.0006,0.0,3358.719,1.7884432335370462,B0005_discharge.csv
37,113,24,"24 Apr 2008, 01:51:33",3.337821923904857,-0.002843739979588,36.10148288661278,0.0006,0.0,3339.5,1.7829230484252725,B0005_discharge.csv
38,117,24,"24 Apr 2008, 06:50:00",3.364372479379788,-0.0043097324753022,35.85921779613712,0.0006,0.0,3331.265,1.7730337158018288,B0005_discharge.csv
39,121,24,"24 Apr 2008, 11:49:24",3.336014493650917,0.0021064505849705,36.40939106353368,0.0006,0.0,3321.188,1.773037755078937,B0005_discharge.csv
40,125,24,"24 Apr 2008, 16:45:56",3.3556596279465505,0.0014437936443312,36.77364625897009,0.0006,0.0,3321.844,1.7678721106662054,B0005_discharge.csv
41,129,24,"24 Apr 2008, 21:38:11",3.3614901977112828,0.0009051016773359,36.84756031613252,0.0006,0.0,3311.828,1.762315070409309,B0005_discharge.csv
42,133,24,"25 Apr 2008, 12:03:44",3.3469681219757663,-0.0014594884960615,36.710913950008646,-0.0006,0.0,3327.391,1.7676172924938447,B0005_discharge.csv
43,135,24,"25 Apr 2008, 20:03:55",3.37121004922177,-0.0007500356716064,36.38019708149852,0.0006,0.0,3312.078,1.762668359743147,B0005_discharge.csv
44,139,24,"26 Apr 2008, 01:04:35",3.379951819113273,-0.0013511754077993,36.18051449762449,0.0006,0.0,3293.172,1.7517304870664143,B0005_discharge.csv
45,143,24,"26 Apr 2008, 05:57:35",3.391867015789506,-0.0007182301660186,36.07117791713765,0.0006,0.0,3275.328,1.7418496047960008,B0005_discharge.csv
46,147,24,"26 Apr 2008, 10:58:25",3.389321801243052,-0.0016382701915813,36.06727402125495,0.0008,0.0,3265.016,1.7360913511847138,B0005_discharge.csv
47,149,24,"29 Apr 2008, 12:15:56",3.2399604434797045,-0.0024102589030314,39.3970785606374,0.0008,0.0,3328.937,1.7936240148573608,B0005_discharge.csv
48,153,24,"29 Apr 2008, 17:05:27",3.3111276397349085,-0.0004760835045117,38.247906639492925,0.0008,0.0,3329.266,1.7831890223273277,B0005_discharge.csv
49,157,24,"29 Apr 2008, 22:00:04",3.332862126292085,-0.0025457768005138,37.66314806698494,0.0008,0.0,3301.579,1.7673642076278957,B0005_discharge.csv
50,161,24,"30 Apr 2008, 02:43:55",3.333761215364808,0.0009142168194308,37.41262017644247,0.0006,0.0,3283.563,1.7570177850353066,B0005_discharge.csv
51,165,24,"30 Apr 2008, 07:41:42",3.3615057492929536,0.0002297172014142,36.98304922331543,0.0006,0.0,3275.125,1.7468706179837907,B0005_discharge.csv
52,169,24,"30 Apr 2008, 12:28:49",3.352855281098351,-0.0036775690571329,37.11383316836962,0.0006,0.0,3265.656,1.7417172507457144,B0005_discharge.csv
53,173,24,"30 Apr 2008, 17:20:16",3.365152081676328,-0.001924143845349,37.44763048314265,0.0006,0.0,3266.093,1.7364225056478186,B0005_discharge.csv
54,177,24,"30 Apr 2008, 22:14:54",3.385772859851924,0.0004995070895548,36.88044924018355,0.0008,0.0,3257.594,1.7263217239235826,B0005_discharge.csv
55,181,24,"01 May 2008, 03:15:33",3.4084431860543454,-0.0007362875556382,36.63224569054377,0.0006,0.0,3248.593,1.7158065389330133,B0005_discharge.csv
56,185,24,"01 May 2008, 08:16:03",3.409832097176257,0.0002035420338337,36.73387962246392,0.0006,0.0,3238.766,1.710533351135192,B0005_discharge.csv
57,189,24,"01 May 2008, 13:14:24",3.417268005174641,-0.0052411334504423,36.8279861699404,0.0006,0.0,3240.14,1.706014499648521,B0005_discharge.csv
58,193,24,"01 May 2008, 18:11:10",3.421833588845415,-0.0004575840517457,37.08800148686054,0.0006,0.0,3230.109,1.7003110272642588,B0005_discharge.csv
59,197,24,"01 May 2008, 23:10:15",3.4271424058700943,-0.0023235003753126,36.75804958950036,0.0006,-0.0,3229.7810000000027,1.6945798601797897,B0005_discharge.csv
60,201,24,"02 May 2008, 03:53:34",3.438178718052601,-0.0014329663334651,36.66588768076837,0.0008,0.0,3212.469,1.6849029086609286,B0005_discharge.csv
61,205,24,"02 May 2008, 08:44:40",3.465640472585762,-0.0019285628025814,36.22708832315917,0.0006,0.0,3213.219,1.6744741591159715,B0005_discharge.csv
62,209,24,"02 May 2008, 13:43:05",3.4449859354526846,-0.0007476535284193,36.83574345076078,0.0006,0.0,3203.578,1.6745692479879102,B0005_discharge.csv
63,213,24,"02 May 2008, 19:07:48",3.467467091298206,0.0002387859433462,36.31129508167242,0.0006,0.0,3195.125,1.663716375981405,B0005_discharge.csv
64,215,24,"02 May 2008, 23:24:17",3.4717300013545747,-0.0009780784437815,36.57728194283014,0.0006,0.0,3195.312999999994,1.659013868748246,B0005_discharge.csv
65,219,24,"03 May 2008, 04:13:08",3.466070335739485,-0.0016712152512748,36.61716358490872,0.0006,0.0,3186.297,1.6538540573335014,B0005_discharge.csv
66,223,24,"03 May 2008, 09:10:19",3.485289154748911,0.0001452940785125,36.285029218085896,0.0006,0.0,3176.438,1.642653782130131,B0005_discharge.csv
67,227,24,"03 May 2008, 14:04:34",3.480022171118444,-0.0038821236720408,36.404097755139176,0.0006,0.0,3167.593,1.6378578430223698,B0005_discharge.csv
68,231,24,"03 May 2008, 18:58:13",3.4875727291181726,-0.0044309658548966,36.33612654330331,0.0006,0.0,3167.719,1.6327350407099108,B0005_discharge.csv
69,235,24,"03 May 2008, 23:42:30",3.4845831403089607,-0.0027795070780482,36.42204257964045,0.0006,0.0,3159.077999999994,1.6277528915533617,B0005_discharge.csv
70,239,24,"04 May 2008, 04:41:40",3.4840044121584226,-0.0009843051419335,36.46650026862773,0.0006,0.0,3148.829,1.622125485521159,B0005_discharge.csv
71,243,24,"04 May 2008, 09:40:11",3.508463137681321,-0.0036435025057367,36.01706887738058,0.0006,0.0,3149.094,1.6113256603765849,B0005_discharge.csv
72,247,24,"04 May 2008, 14:38:13",3.5037872856177814,-0.0005279739237306,36.12135272151406,0.0008,0.0,3140.547,1.6065631397488385,B0005_discharge.csv
73,251,24,"04 May 2008, 19:37:07",3.500128756881619,0.0005102798844256,36.20196694501621,0.0006,0.0,3131.625,1.6015142233917594,B0005_discharge.csv
74,255,24,"05 May 2008, 00:35:53",3.517670766414221,-0.0030990560950762,35.866603104888924,0.0006,0.0,3121.907,1.590369231400328,B0005_discharge.csv
75,259,24,"05 May 2008, 05:28:13",3.5174486086806094,-0.0044043159451696,35.80553827573819,0.0006,0.0,3122.125,1.5857889968242211,B0005_discharge.csv
76,263,24,"05 May 2008, 11:41:31",3.516013267212138,-0.0016636018441401,35.6702666979063,0.0006,0.0,3121.672,1.5849430707374117,B0005_discharge.csv
77,265,24,"05 May 2008, 20:40:08",3.496983701999225,-0.0011241793683491,36.34696099274405,0.0006,0.0,3120.86,1.5955263892495937,B0005_discharge.csv
78,269,24,"06 May 2008, 01:38:46",3.5202208637731656,-0.0039739540152495,35.52300699242159,0.0006,0.0,3103.828,1.5747301747801037,B0005_discharge.csv
79,273,24,"06 May 2008, 06:37:06",3.5292256839082072,6.06992212159233e-05,35.266958925197905,0.0006,0.0,3095.094,1.5649019950937946,B0005_discharge.csv
80,277,24,"06 May 2008, 11:25:21",3.5307259447794728,-0.0006247516420891,35.3504279543354,0.0006,0.0,3095.781,1.5597659473370362,B0005_discharge.csv
81,281,24,"06 May 2008, 16:23:36",3.521290948363061,-0.0020655979349636,35.94137693420669,0.0006,0.0,3094.328,1.5594815668184234,B0005_discharge.csv
82,285,24,"06 May 2008, 21:21:49",3.5235359008769405,-0.0036616920097465,36.04660208501775,0.0006,0.0,3086.531,1.55468935359061,B0005_discharge.csv
83,289,24,"07 May 2008, 02:17:25",3.5255241756932247,-5.646965482781069e-05,35.84567238345344,0.0006,0.0,3085.625,1.5488741079890418,B0005_discharge.csv
84,293,24,"07 May 2008, 07:04:02",3.5348337871327056,-0.0003089657136963,35.579783237597425,0.0006,0.0,3067.203,1.538236598942558,B0005_discharge.csv
85,297,24,"07 May 2008, 12:01:49",3.5459029204528467,-0.0018215044752579,35.18876167083574,0.0008,0.0,3058.157,1.527914258251028,B0005_discharge.csv
86,301,24,"07 May 2008, 16:59:29",3.536266004226858,0.0006417277352992,35.64399546549477,0.0006,0.0,3058.812,1.5285252629756445,B0005_discharge.csv
87,305,24,"07 May 2008, 21:56:09",3.5468067055591166,-0.0024171678108397,35.70451576896293,0.0006,0.0,3058.578,1.522647325284378,B0005_discharge.csv
88,309,24,"08 May 2008, 02:53:49",3.5480287197333853,-0.003290911050271,35.75012465537795,0.0006,0.0,3049.328,1.5174859938489869,B0005_discharge.csv
89,312,24,"09 May 2008, 12:25:07",3.5250502230997878,-0.0010560505924284,36.01263661852166,0.0006,0.0,3177.219,1.605818899130659,B0005_discharge.csv
90,315,24,"09 May 2008, 20:28:09",3.494044837570843,-0.0007426552595591,36.76362118255289,0.0006,0.0,3082.937,1.5638491446744425,B0005_discharge.csv
91,319,24,"10 May 2008, 01:21:56",3.51004183648376,-0.0017631427961074,36.50230588330288,0.0006,0.0,3074.266,1.5480915247767786,B0005_discharge.csv
92,323,24,"10 May 2008, 06:18:12",3.5359247595765018,0.001569723796209,35.91017220677914,0.0006,0.0,3066.0,1.5323755631868592,B0005_discharge.csv
93,327,24,"10 May 2008, 11:16:04",3.5293508069521957,-0.0039701157301653,35.8789724790072,0.0006,0.0,3056.437,1.5269528268489705,B0005_discharge.csv
94,331,24,"10 May 2008, 16:11:56",3.5418570338179896,-0.0010858666379497,35.62922817025395,0.0006,0.0,3048.219,1.5169573017136326,B0005_discharge.csv
95,335,24,"10 May 2008, 21:07:54",3.540101144510816,-0.0017455531501402,35.75119139564094,0.0006,0.0,3039.218,1.511897596014269,B0005_discharge.csv
96,339,24,"11 May 2008, 02:05:21",3.545308234960168,-0.0014086197388525,35.64438752174055,0.0006,0.0,3039.047,1.5065638960681105,B0005_discharge.csv
97,343,24,"11 May 2008, 06:55:27",3.543070358154518,-0.0020121319015413,35.71781750151812,0.0006,0.0,3030.375,1.5015453526671363,B0005_discharge.csv
98,347,24,"11 May 2008, 11:52:47",3.5580353781991203,-0.0047924352671699,35.468157504838004,0.0008,0.0,3021.0,1.4908444050400238,B0005_discharge.csv
99,351,24,"11 May 2008, 16:49:58",3.5619975525663654,0.0006217348755526,35.41772195105018,0.0006,0.0,3021.75,1.485868384561201,B0005_discharge.csv
100,355,24,"11 May 2008, 21:47:12",3.5617346249744624,-0.0017731134003002,35.44065808413917,0.0008,0.0,3012.265,1.480413677976106,B0005_discharge.csv
101,359,24,"12 May 2008, 02:36:58",3.5627431724748324,-0.0006826543303781,35.439411621482165,0.0006,0.0,3002.641,1.4752095869031632,B0005_discharge.csv
102,363,24,"12 May 2008, 12:56:34",3.544836812063795,-0.0012296805399806,35.71444213967455,0.0008,0.0,3012.0,1.4859035988304024,B0005_discharge.csv
103,366,24,"12 May 2008, 18:59:59",3.5358343175174807,-0.005346170114887,36.32232580944245,0.0006,0.0,3020.11,1.4960918298136696,B0005_discharge.csv
104,370,24,"12 May 2008, 23:53:17",3.544628258601667,-0.0026229525536376,36.14370701766192,0.0006,0.0,3002.172000000006,1.4808005946928984,B0005_discharge.csv
105,374,24,"13 May 2008, 04:35:25",3.556359815036754,-0.0012078322390314,35.81782913450557,0.0008,0.0,2992.703,1.4697543268466824,B0005_discharge.csv
106,378,24,"13 May 2008, 09:24:04",3.5574151609154883,-0.0033190716918418,35.64502538652201,0.0006,0.0,2964.468,1.4539012274845928,B0005_discharge.csv
107,382,24,"13 May 2008, 14:20:24",3.570394142327151,0.0015596672777035,35.3909783963713,0.0008,0.0,2983.375,1.454146206723569,B0005_discharge.csv
108,386,24,"13 May 2008, 19:04:20",3.557697563432477,-0.0016063334022506,35.90172424296188,0.0008,0.0,2975.297,1.455023751906683,B0005_discharge.csv
109,390,24,"13 May 2008, 23:59:26",3.5621145720736376,-0.0025226927417762,35.87657254499655,0.0006,0.0,2974.9850000000006,1.449042163761236,B0005_discharge.csv
110,394,24,"14 May 2008, 04:55:57",3.576830514745812,-0.0014236462613207,35.37052396634794,0.0008,0.0,2966.25,1.4386709371480566,B0005_discharge.csv
111,398,24,"14 May 2008, 09:52:22",3.5772132537111867,-0.0023479432068156,35.31944751936039,0.0006,0.0,2956.359,1.433445432156979,B0005_discharge.csv
112,402,24,"14 May 2008, 14:35:22",3.569684885614067,-0.0039871920033828,35.63996182249638,0.0006,0.0,2956.344,1.4333958900838095,B0005_discharge.csv
113,406,24,"14 May 2008, 19:31:39",3.5763051299071056,-0.002115022970472,35.68616080887089,0.0006,0.0,2956.406,1.42806487344776,B0005_discharge.csv
114,410,24,"15 May 2008, 00:27:55",3.5780032001762248,-0.004832065414542,35.572241943508665,0.0006,0.0,2947.266,1.4229203181741186,B0005_discharge.csv
115,414,24,"15 May 2008, 05:24:04",3.5782529159417336,-0.0022715263657969,35.41162230145362,0.0006,0.0,2937.984,1.417429032731308,B0005_discharge.csv
116,418,24,"15 May 2008, 10:20:03",3.57952648091485,0.0003379455564793,35.29541793323776,0.0006,0.0,2929.125,1.412409228794446,B0005_discharge.csv
117,422,24,"15 May 2008, 15:10:59",3.573309098710338,-0.0045531228413982,35.60791877576871,0.0006,0.0,2928.454,1.412578792940193,B0005_discharge.csv
118,426,24,"15 May 2008, 19:56:47",3.5808535254697578,-0.0004079778230933,35.72414943395157,0.0008,0.0,2929.375,1.4075983731469897,B0005_discharge.csv
119,430,24,"16 May 2008, 16:54:59",3.555891725331888,-0.0030115302310733,35.903997506455866,0.0008,0.0,2946.031,1.4333920485221476,B0005_discharge.csv
120,432,24,"16 May 2008, 21:37:39",3.551885409283692,-0.0027077819490929,36.11670037500237,0.0008,0.0,2955.438,1.4382550176792908,B0005_discharge.csv
121,436,24,"17 May 2008, 02:32:13",3.5736151200402326,-0.0021904666779608,35.48818285942285,0.0006,0.0,2937.625,1.4173547174485526,B0005_discharge.csv
122,440,24,"17 May 2008, 07:25:19",3.582249809980573,-0.0005202572147429,35.09068818463004,0.0006,0.0,2929.078,1.406981663677643,B0005_discharge.csv
123,444,24,"17 May 2008, 12:21:15",3.5821071034262646,-0.00088301526414,35.08313938846722,0.0006,0.0,2918.375,1.4012037783587623,B0005_discharge.csv
124,448,24,"17 May 2008, 17:15:37",3.5845442528815368,0.0008061978411406,34.98209371471252,0.0006,0.0,2919.812,1.3967008232726328,B0005_discharge.csv
125,452,24,"17 May 2008, 22:10:51",3.582997063524048,-0.0013093723544827,35.084719139558686,0.0006,0.0,2900.422,1.391284788852726,B0005_discharge.csv
126,456,24,"18 May 2008, 03:05:19",3.585576080990165,-0.001703344415614,34.94908275625882,0.0006,0.0,2901.375,1.3862287677978349,B0005_discharge.csv
127,460,24,"18 May 2008, 08:00:50",3.59109083848252,0.0008809845830174,34.70452784918293,0.0006,0.0,2901.187,1.3804366761974138,B0005_discharge.csv
128,464,24,"18 May 2008, 12:44:48",3.594060583971402,-0.002624300994454,34.667131314804806,0.0006,0.0,2891.64,1.3752364150256224,B0005_discharge.csv
129,468,24,"18 May 2008, 17:36:29",3.5911079597852744,-0.0015294483890347,34.73478777612848,0.0006,0.0,2882.906,1.3705128024895008,B0005_discharge.csv
130,472,24,"18 May 2008, 22:31:45",3.5888120102866528,-0.0017821338119629,34.79017756073964,0.0006,0.0,2883.265,1.37050855662704,B0005_discharge.csv
131,476,24,"19 May 2008, 03:27:07",3.5942147923006207,-0.003192486164154,34.602741893421936,0.0006,0.0,2882.969,1.3647355108681518,B0005_discharge.csv
132,480,24,"19 May 2008, 15:34:33",3.5833415219285625,-0.0053814321049613,35.2008024262739,0.0006,0.0,2891.656,1.375392016895762,B0005_discharge.csv
133,482,24,"19 May 2008, 20:59:48",3.5804307189370586,-0.001133734357992,35.37656984223691,0.0006,0.0,2901.25,1.3861115151535393,B0005_discharge.csv
134,484,24,"20 May 2008, 01:16:42",3.592441816132449,0.0008418702493247,35.02073678939035,0.0006,0.0,2891.703,1.369850003583894,B0005_discharge.csv
135,488,24,"20 May 2008, 06:12:06",3.589331565362288,-0.0025022403604277,34.920082190571925,0.0006,0.0,2883.016,1.3647827949260758,B0005_discharge.csv
136,492,24,"20 May 2008, 11:07:23",3.6022883230364853,-0.0024327129563109,34.51525447844097,0.0006,0.0,2873.453,1.3543220466259964,B0005_discharge.csv
137,496,24,"20 May 2008, 15:57:27",3.59702121364665,-0.0066057269858685,34.95922357150939,0.0006,0.0,2874.031,1.3546417018378962,B0005_discharge.csv
138,500,24,"20 May 2008, 20:50:39",3.592312208409236,-0.00022279767609,35.09464992185514,0.0006,0.0,2874.234,1.354703921319241,B0005_discharge.csv
139,504,24,"21 May 2008, 01:39:38",3.595500119430284,1.2091638201411586e-05,34.87110957277296,0.0006,0.0,2864.984,1.349314997503458,B0005_discharge.csv
140,508,24,"21 May 2008, 06:24:27",3.596823461162057,0.0019165342987928,34.64809421735341,0.0006,0.0,2855.093,1.3441891937970554,B0005_discharge.csv
141,512,24,"21 May 2008, 11:18:06",3.6018356753071044,-0.0020306932429164,34.44831392782199,0.0006,0.0,2855.625,1.3389913790695755,B0005_discharge.csv
142,516,24,"21 May 2008, 16:10:21",3.599344813796693,-0.0002295519506749,34.76318323355694,0.0006,0.0,2855.594,1.3389145230206971,B0005_discharge.csv
143,520,24,"21 May 2008, 21:02:09",3.6035790390364575,0.0001922589020998,34.67711120224962,0.0006,0.0,2847.437,1.3340066759761655,B0005_discharge.csv
144,524,24,"22 May 2008, 01:42:59",3.605860961214576,-0.0011876351800897,34.35552173340636,0.0006,0.0,2847.36,1.3286444309174914,B0005_discharge.csv
145,528,24,"22 May 2008, 06:32:40",3.6105078495292338,-0.0015026563129952,34.13298084323835,0.0006,0.0,2837.328,1.323170899227622,B0005_discharge.csv
146,532,24,"22 May 2008, 11:23:22",3.61626290751396,-0.0003439261609216,33.97306701477755,0.0006,0.0,2837.281,1.3181691588445197,B0005_discharge.csv
147,536,24,"22 May 2008, 16:17:58",3.613479485589363,0.0020143124267129,34.37394890213937,0.0006,0.0,2838.515,1.3184664436640334,B0005_discharge.csv
148,540,24,"22 May 2008, 20:59:50",3.607069040532739,-0.0014352575759659,34.44341685363402,0.0006,0.0,2828.328,1.318293040102702,B0005_discharge.csv
149,544,24,"23 May 2008, 12:13:16",3.602312680677842,-0.0048215869677359,33.98038017264453,0.0006,0.0,2838.265,1.323872422244268,B0005_discharge.csv
150,547,24,"23 May 2008, 20:14:29",3.5779277610645237,-0.0040810001592985,34.97066611271971,0.0006,0.0,2864.547,1.3601216766554785,B0005_discharge.csv
151,551,24,"24 May 2008, 01:09:21",3.593974644865168,-0.0044314008570034,34.68949035902289,0.0006,0.0,2846.39,1.3395306867947354,B0005_discharge.csv
152,555,24,"24 May 2008, 06:00:20",3.60427474021818,4.305025960299412e-05,34.35560664546322,0.0006,0.0,2837.969,1.3290286565120697,B0005_discharge.csv
153,559,24,"24 May 2008, 10:42:50",3.608769672096698,-0.0019502710177484,34.179860361804735,0.0006,0.0,2838.156,1.3236741274998955,B0005_discharge.csv
154,563,24,"24 May 2008, 15:31:10",3.6093877067067006,-0.00199102090187,34.14567217244527,0.0006,0.0,2829.843,1.318633896753293,B0005_discharge.csv
155,567,24,"24 May 2008, 20:21:13",3.614933900308572,-0.0019041668183299,33.99467216653128,0.0006,0.0,2829.625,1.3134751321324272,B0005_discharge.csv
156,571,24,"25 May 2008, 01:06:49",3.609023225479784,-0.002823704674822,34.16712024760808,0.0006,0.0,2819.437,1.3132020634442203,B0005_discharge.csv
157,575,24,"25 May 2008, 05:57:17",3.6143313479608814,-0.0038242385348969,33.97599952110498,0.0006,0.0,2819.579,1.3077959946944353,B0005_discharge.csv
158,579,24,"25 May 2008, 10:51:37",3.61782445722146,-0.0045082893180358,33.982224969859004,0.0006,0.0,2810.672,1.3030329186405918,B0005_discharge.csv
159,583,24,"25 May 2008, 15:37:08",3.613087210473896,-0.0033928088513355,34.078996220636874,0.0008,0.0,2811.485,1.3033573559038203,B0005_discharge.csv
160,587,24,"25 May 2008, 20:23:04",3.6070395495118257,-0.0056266402784177,34.30494727332375,0.0006,0.0,2802.422,1.3034100438655642,B0005_discharge.csv
161,591,24,"26 May 2008, 01:13:02",3.61490941179153,-0.0041505855757588,34.12626262781833,0.0006,0.0,2801.625,1.2978870806495706,B0005_discharge.csv
162,595,24,"26 May 2008, 06:01:08",3.6109037542764746,0.0009187473289653,34.13529495466968,0.0006,0.0,2802.031,1.2980735056918902,B0005_discharge.csv
163,599,24,"26 May 2008, 10:44:38",3.615560501886754,-0.0025484515689907,34.0756490349882,0.0006,0.0,2793.39,1.293463613844243,B0005_discharge.csv
164,603,24,"26 May 2008, 15:30:43",3.621191032853697,-0.0024601825801807,33.991349533915816,0.0006,0.0,2793.39,1.288003392619118,B0005_discharge.csv
165,607,24,"26 May 2008, 20:21:04",3.619185104906403,0.0004778014371146,34.059198400298385,0.0006,0.0,2792.485,1.2874525221379407,B0005_discharge.csv
166,611,24,"27 May 2008, 15:52:41",3.5953649734437896,-0.0023415053515697,34.55651436751892,0.0006,0.0,2802.016,1.3090153642307354,B0005_discharge.csv
167,613,24,"27 May 2008, 20:45:42",3.589937388761665,-0.0005833472584575,34.40592045769559,0.0006,0.0,2820.39,1.3250793286429356,B0005_discharge.csv
168,1,24,"02 Apr 2008, 15:25:41",2.4757677568281857,-2.0094358918725432,39.16298653238707,-1.999,1.653,3690.234,2.035337591005598,B0006_discharge.csv
169,3,24,"02 Apr 2008, 19:43:48",2.35152551190002,-2.010374855522972,39.2462026826329,-1.999,1.543,3672.344,2.025140246031412,B0006_discharge.csv
170,5,24,"03 Apr 2008, 00:01:06",2.440479715106544,-2.008558887110113,38.999202460252846,-1.999,1.65,3651.641,2.013326371345464,B0006_discharge.csv
171,7,24,"03 Apr 2008, 04:16:37",2.479155853900392,-2.0092904478622464,38.84362777186652,-1.999,1.69,3631.563,2.0132846655407413,B0006_discharge.csv
172,9,24,"03 Apr 2008, 08:33:25",2.280187848173442,-2.011760840220058,38.97798888258284,-1.999,1.488,3629.172,2.000528337624771,B0006_discharge.csv
173,11,24,"03 Apr 2008, 12:55:10",2.4392842568466446,-2.0109470452247566,38.83989920742278,-1.999,1.659,3652.281,2.0138990759931645,B0006_discharge.csv
174,13,24,"03 Apr 2008, 17:17:16",2.2812068449406446,-2.012014626739587,39.04610837498471,-1.9992,1.505,3650.828,2.013101105626967,B0006_discharge.csv
175,15,24,"03 Apr 2008, 21:28:14",2.366410527029613,-2.009602654155728,38.87507521022778,-1.9992,1.602,3572.453,1.96878982627284,B0006_discharge.csv
176,17,24,"04 Apr 2008, 01:38:15",2.436020049578708,-2.010503181695025,38.7260539826455,-1.999,1.664,3550.594,1.9681661764334244,B0006_discharge.csv
177,19,24,"04 Apr 2008, 05:48:08",2.1864377487643725,-2.0120006291945924,38.98629728904917,-1.999,1.411,3551.25,1.9572307917560536,B0006_discharge.csv
178,21,24,"04 Apr 2008, 09:57:19",2.3406023605912454,-2.0086057639408743,38.65978861919643,-1.9992,1.583,3530.25,1.9455991514129352,B0006_discharge.csv
179,24,24,"04 Apr 2008, 17:56:27",2.4263021374140443,-2.008093198845442,38.84979195732924,-1.999,1.659,3491.016,1.934750504484113,B0006_discharge.csv
180,26,24,"04 Apr 2008, 22:01:54",2.475369770000704,-2.008861764489536,38.75128344015104,-1.999,1.704,3470.281,1.9232799539368028,B0006_discharge.csv
181,28,24,"05 Apr 2008, 02:20:26",2.342364523655007,-2.011425880438327,38.76853764058789,-1.999,1.59,3470.0,1.911889930948487,B0006_discharge.csv
182,30,24,"05 Apr 2008, 06:25:01",2.188400081882664,-2.009440178017093,38.84686112344348,-1.999,1.433,3450.297,1.9010667141979305,B0006_discharge.csv
183,32,24,"05 Apr 2008, 10:30:32",2.1206980945954057,-2.00629337660368,38.8658897816528,-1.999,1.371,3429.407,1.8891989948061456,B0006_discharge.csv
184,34,24,"05 Apr 2008, 14:34:41",2.369981457799298,-2.0083999032211324,38.647578733807656,-1.999,1.625,3409.484,1.878278372248849,B0006_discharge.csv
185,36,24,"05 Apr 2008, 18:39:25",2.247991649924625,-2.0103074874707247,38.79218188173866,-1.999,1.524,3390.422,1.8675697161520208,B0006_discharge.csv
186,38,24,"05 Apr 2008, 22:46:35",2.8844463698113665,-0.0022772410696178,38.77022223929529,-0.0008,0.0,3390.281,1.8675892574453767,B0006_discharge.csv
187,41,24,"18 Apr 2008, 21:10:19",2.203355846859377,-2.0099114516038865,37.54320599748628,-1.9992,1.445,3591.734,1.979626548250818,B0006_discharge.csv
188,45,24,"19 Apr 2008, 02:29:09",2.35887751155593,-2.010023846843136,37.90362577530197,-1.999,1.619,3552.297,1.9575499080884025,B0006_discharge.csv
189,49,24,"19 Apr 2008, 07:47:15",2.218672914041916,-2.010621300102956,37.6701605139887,-1.999,1.491,3531.578,1.9458150170787551,B0006_discharge.csv
190,53,24,"19 Apr 2008, 13:01:42",2.339723057947995,-2.009836812236101,37.34166959188387,-1.999,1.607,3492.907,1.9242461121680092,B0006_discharge.csv
191,57,24,"19 Apr 2008, 18:27:29",2.399750820894273,-2.008549110682199,37.28979017254232,-1.999,1.653,3511.594,1.945981133142164,B0006_discharge.csv
192,61,24,"19 Apr 2008, 23:41:55",2.491410879472442,-2.011253162152561,37.16794481484507,-1.999,1.723,3431.9370000000054,1.901407930553079,B0006_discharge.csv
193,65,24,"20 Apr 2008, 04:54:41",2.7669269890921613,-0.0013483637694533,37.51577848501052,-0.0008,0.0,3431.125,1.878674213680085,B0006_discharge.csv
194,69,24,"20 Apr 2008, 10:16:28",2.8356128467177317,-0.0009996515493716,37.24165964092258,-0.0006,0.0,3412.406,1.8683061328264217,B0006_discharge.csv
195,73,24,"20 Apr 2008, 15:37:05",2.928394635151109,-0.0034740057625463,37.10097467364956,-0.0008,0.0,3410.688,1.8560244070083,B0006_discharge.csv
196,77,24,"20 Apr 2008, 20:50:38",3.077114957598757,-0.0065849518216069,36.53635083668188,-0.0006,0.0,3410.718,1.8451997961855775,B0006_discharge.csv
197,81,24,"21 Apr 2008, 02:15:02",2.819560586845831,0.0017843402447845,37.49607769896255,-0.0008,0.0,3392.719,1.857228890885317,B0006_discharge.csv
198,85,24,"22 Apr 2008, 15:33:49",2.434300686181212,-2.0101843550935627,37.25007396118109,1.999,1.607,3470.672,1.9247760889090637,B0006_discharge.csv
199,89,24,"22 Apr 2008, 20:26:18",2.9187757391682454,0.0002199461690219,37.276699358575215,0.0006,0.0,3414.109,1.8822317526092551,B0006_discharge.csv
200,93,24,"23 Apr 2008, 01:18:11",2.973956908852585,-0.0038064565925013,37.05346891564941,0.0006,0.0,3395.219,1.855276687885587,B0006_discharge.csv
201,97,24,"23 Apr 2008, 06:18:19",3.0334333724088656,0.001159493985813,36.49019770341733,0.0006,0.0,3386.0,1.839250891718188,B0006_discharge.csv
202,101,24,"23 Apr 2008, 11:08:00",3.061692514035773,-0.0024706162055099,36.17351619989374,0.0006,0.0,3368.187,1.8185396073994429,B0006_discharge.csv
203,105,24,"23 Apr 2008, 16:06:25",3.0864214480405137,-0.0024856568283215,36.691721740616366,0.0006,0.0,3368.266,1.8134770059567056,B0006_discharge.csv
204,109,24,"23 Apr 2008, 21:02:58",3.137787321824542,-0.0029082917072304,36.30505451544784,0.0006,0.0,3358.719,1.7971018450305436,B0006_discharge.csv
205,113,24,"24 Apr 2008, 01:51:33",3.1501156392374963,-0.0018286245424696,36.06439554288408,0.0008,0.0,3339.5,1.7810046294120476,B0006_discharge.csv
206,117,24,"24 Apr 2008, 06:50:00",3.1738920422499453,-0.0088257335513382,36.01731400053337,0.0006,0.0,3331.265,1.7710130422682329,B0006_discharge.csv
207,121,24,"24 Apr 2008, 11:49:24",3.1972071497430035,-0.0034381265145169,35.907754428951925,0.0006,0.0,3321.188,1.7604712448170945,B0006_discharge.csv
208,125,24,"24 Apr 2008, 16:45:56",3.227568458837217,-0.0049271906042944,36.35807936248104,0.0006,0.0,3321.844,1.7502913788006589,B0006_discharge.csv
209,129,24,"24 Apr 2008, 21:38:11",3.2308580821504327,-0.0014530116287064,36.50421625915163,0.0006,0.0,3311.828,1.7394925037732578,B0006_discharge.csv
210,133,24,"25 Apr 2008, 12:03:44",3.199633267433362,-0.0022925624123046,36.99126483107543,-0.0008,0.0,3327.391,1.7546766553637203,B0006_discharge.csv
211,135,24,"25 Apr 2008, 20:03:55",3.1898103242112006,-0.0028745221151213,36.81410785577819,0.0006,-0.0,3312.078,1.7659390941842177,B0006_discharge.csv
212,139,24,"26 Apr 2008, 01:04:35",3.2499622126804124,-0.0044309887185604,35.948665501353894,0.0006,0.0,3293.172,1.7337887419624838,B0006_discharge.csv
213,143,24,"26 Apr 2008, 05:57:35",3.276178621777498,-0.0028865069759319,35.8076141458777,0.0006,0.0,3275.328,1.713325912040734,B0006_discharge.csv
214,147,24,"26 Apr 2008, 10:58:25",3.2892337937863383,-0.0014821358562833,35.727411052391915,0.0008,0.0,3265.016,1.7024077813673466,B0006_discharge.csv
215,149,24,"29 Apr 2008, 12:15:56",2.934951679828825,-0.0026359580742833,39.57378670033301,0.0008,0.0,3328.937,1.82371946178183,B0006_discharge.csv
216,153,24,"29 Apr 2008, 17:05:27",3.0133583509832325,-0.0025141196723349,38.78195999093458,0.0008,-0.0,3329.266,1.8081284050314708,B0006_discharge.csv
217,157,24,"29 Apr 2008, 22:00:04",3.0981920097302105,0.0006501043390256,37.85904701280159,0.0006,0.0,3301.579,1.7757610945034283,B0006_discharge.csv
218,161,24,"30 Apr 2008, 02:43:55",3.167346834112308,0.0011884652184539,37.12135762318553,0.0006,0.0,3283.563,1.7447409841836798,B0006_discharge.csv
219,165,24,"30 Apr 2008, 07:41:42",3.228685511716086,-0.0035102794129954,36.580486706224,0.0006,0.0,3275.125,1.729207034132373,B0006_discharge.csv
220,169,24,"30 Apr 2008, 12:28:49",3.2595724548548413,-0.0012542411110933,36.436407503512335,0.0006,0.0,3265.656,1.7081086552553244,B0006_discharge.csv
221,173,24,"30 Apr 2008, 17:20:16",3.2774199521442657,-0.0024642794163139,36.53091042103418,0.0006,0.0,3266.093,1.6975954237461768,B0006_discharge.csv
222,177,24,"30 Apr 2008, 22:14:54",3.309541910489555,-0.003735703749295,36.06449507955633,0.0006,0.0,3257.594,1.6820634524029463,B0006_discharge.csv
223,181,24,"01 May 2008, 03:15:33",3.3229457962953464,-0.0042050191762477,35.94327250944611,0.0008,0.0,3248.593,1.6714768322295086,B0006_discharge.csv
224,185,24,"01 May 2008, 08:16:03",3.3268774953647884,-0.0045774706794028,35.89295328706184,0.0006,0.0,3238.766,1.6607591387047655,B0006_discharge.csv
225,189,24,"01 May 2008, 13:14:24",3.336400100467817,-0.004220549753628,35.959515024229205,0.0008,0.0,3240.14,1.651121015038069,B0006_discharge.csv
226,193,24,"01 May 2008, 18:11:10",3.3562313241233728,-0.0046303001539858,36.03733181811758,0.0008,0.0,3230.109,1.640134925619093,B0006_discharge.csv
227,197,24,"01 May 2008, 23:10:15",3.371466361383496,0.0014743883145177,35.71327174023829,0.0006,0.0,3229.7810000000027,1.629199941616544,B0006_discharge.csv
228,201,24,"02 May 2008, 03:53:34",3.396018761698921,-0.0046727440229705,35.366498347395265,0.0006,0.0,3212.469,1.6088496302961666,B0006_discharge.csv
229,205,24,"02 May 2008, 08:44:40",3.393882521860081,-0.0042112780558218,35.18665272384657,0.0006,0.0,3213.219,1.6035244898969248,B0006_discharge.csv
230,209,24,"02 May 2008, 13:43:05",3.3978158698372107,-0.0044210420136072,35.67614711684021,0.0008,-0.0,3203.578,1.5989712144027983,B0006_discharge.csv
231,213,24,"02 May 2008, 19:07:48",3.416423032732188,-0.0003200027950143,34.71660828900691,0.0008,0.0,3195.125,1.5876273123575604,B0006_discharge.csv
232,215,24,"02 May 2008, 23:24:17",3.417549528683359,-0.0014444622414417,35.028736379559405,0.0006,0.0,3195.312999999994,1.5829719744686166,B0006_discharge.csv
233,219,24,"03 May 2008, 04:13:08",3.427505386148378,-0.0034826648553054,34.774991305740066,0.0006,0.0,3186.297,1.567137636713563,B0006_discharge.csv
234,223,24,"03 May 2008, 09:10:19",3.4347508426334845,-0.0044826484110488,34.69789797592927,0.0006,0.0,3176.438,1.5613446139713882,B0006_discharge.csv
235,227,24,"03 May 2008, 14:04:34",3.448198019924908,-0.0012195271207717,34.6005415728579,0.0006,0.0,3167.593,1.551171189279042,B0006_discharge.csv
236,231,24,"03 May 2008, 18:58:13",3.447136358493749,0.0007226343450961,34.65518631476638,0.0008,0.0,3167.719,1.5406741606295171,B0006_discharge.csv
237,235,24,"03 May 2008, 23:42:30",3.455115440595922,-0.0019271431845461,34.49661503681511,0.0006,0.0,3159.077999999994,1.5253138744624433,B0006_discharge.csv
238,239,24,"04 May 2008, 04:41:40",3.468023005179232,-0.0012882276547055,34.58789396630877,0.0006,0.0,3148.829,1.5301570318067428,B0006_discharge.csv
239,243,24,"04 May 2008, 09:40:11",3.4711335972831856,-0.0044903119260832,34.48391218889425,0.0006,0.0,3149.094,1.524656683447409,B0006_discharge.csv
240,247,24,"04 May 2008, 14:38:13",3.4883390886919767,-0.0012215692087276,34.32316829732572,0.0008,0.0,3140.547,1.5145492986655429,B0006_discharge.csv
241,251,24,"04 May 2008, 19:37:07",3.4882264404681207,-9.1970080813463e-05,34.37112413744189,0.0006,0.0,3131.625,1.509391504602082,B0006_discharge.csv
242,255,24,"05 May 2008, 00:35:53",3.4877002346746275,-0.0025462031829215,34.37262003693859,0.0006,0.0,3121.907,1.5039974333050703,B0006_discharge.csv
243,259,24,"05 May 2008, 05:28:13",3.5019144212894115,-0.0018050512867516,34.06737352776938,0.0006,0.0,3122.125,1.4935201918040188,B0006_discharge.csv
244,263,24,"05 May 2008, 11:41:31",3.5064898836985074,-0.0023469957654966,34.01427816460032,0.0006,0.0,3121.672,1.4876323024497422,B0006_discharge.csv
245,265,24,"05 May 2008, 20:40:08",3.4612712556588887,-0.0015893640732856,35.63390029041699,0.0008,0.0,3120.86,1.5302876214401704,B0006_discharge.csv
246,269,24,"06 May 2008, 01:38:46",3.49597974716647,-0.0028130621567131,34.63193513275843,0.0006,0.0,3103.828,1.5040760088360112,B0006_discharge.csv
247,273,24,"06 May 2008, 06:37:06",3.495868232766142,-0.0022455478413196,34.48366479877386,0.0006,0.0,3095.094,1.4887593608730894,B0006_discharge.csv
248,277,24,"06 May 2008, 11:25:21",3.5168324777654205,-0.0030481777740261,34.198906360730284,0.0006,0.0,3095.781,1.4782779285546637,B0006_discharge.csv
249,281,24,"06 May 2008, 16:23:36",3.5140805590225344,-0.0030309334826841,34.73440888809496,0.0006,0.0,3094.328,1.478459982215684,B0006_discharge.csv
250,285,24,"06 May 2008, 21:21:49",3.5179169265872945,-0.0031973699811009,34.85451606835088,0.0006,0.0,3086.531,1.473214844899973,B0006_discharge.csv
251,289,24,"07 May 2008, 02:17:25",3.51910167584515,-0.0028326569749947,34.71454754205853,0.0006,0.0,3085.625,1.4675164935067897,B0006_discharge.csv
252,293,24,"07 May 2008, 07:04:02",3.521493643197122,-0.0023048413012049,34.408441964409874,0.0006,0.0,3067.203,1.4516292657521337,B0006_discharge.csv
253,297,24,"07 May 2008, 12:01:49",3.531199617131715,-0.003266350518668,34.22991790059867,0.0006,0.0,3058.157,1.4519237720967175,B0006_discharge.csv
254,301,24,"07 May 2008, 16:59:29",3.540682828822266,-0.0025904387374867,34.45467967969768,0.0008,0.0,3058.812,1.4471484694777743,B0006_discharge.csv
255,305,24,"07 May 2008, 21:56:09",3.5356541187739614,-0.0058344011314254,34.80310290558563,0.0006,0.0,3058.578,1.4468538105659885,B0006_discharge.csv
256,309,24,"08 May 2008, 02:53:49",3.5426480867538017,-0.0008107827825872,34.81930482334886,0.0006,0.0,3049.328,1.4416741930284678,B0006_discharge.csv
257,312,24,"09 May 2008, 12:25:07",3.5029468518556204,-0.004082848523023,36.55243677981589,0.0006,0.0,3177.219,1.5935866593100128,B0006_discharge.csv
258,315,24,"09 May 2008, 20:28:09",3.459144575143091,-0.0012437134072275,36.57029301599151,0.0006,0.0,3082.937,1.5463902376915637,B0006_discharge.csv
259,319,24,"10 May 2008, 01:21:56",3.4885908514844224,0.0002570745918365,35.95639890638621,0.0006,0.0,3074.266,1.51470559175661,B0006_discharge.csv
260,323,24,"10 May 2008, 06:18:12",3.500662570823591,-0.0044565194706676,35.57203521602141,0.0006,0.0,3066.0,1.4989786083335404,B0006_discharge.csv
261,327,24,"10 May 2008, 11:16:04",3.519098513063688,-0.0005216459352215,35.12626059216553,0.0006,0.0,3056.437,1.4831110745410492,B0006_discharge.csv
262,331,24,"10 May 2008, 16:11:56",3.5212860952811007,0.0021242129148989,35.05245406960759,0.0006,0.0,3048.219,1.4729664825468278,B0006_discharge.csv
263,335,24,"10 May 2008, 21:07:54",3.5315851155806786,-0.0012771493256552,34.99131293908511,0.0008,0.0,3039.218,1.4627604396099307,B0006_discharge.csv
264,339,24,"11 May 2008, 02:05:21",3.532926287846672,-0.0028830904415017,34.94359968589192,0.0008,0.0,3039.047,1.4518364681062514,B0006_discharge.csv
265,343,24,"11 May 2008, 06:55:27",3.539045488750217,-0.004743717288306,34.84983560144131,0.0006,0.0,3030.375,1.4468670644030392,B0006_discharge.csv
266,347,24,"11 May 2008, 11:52:47",3.545547133777292,-0.0050032966111382,34.86099755076984,0.0008,0.0,3021.0,1.441380399427779,B0006_discharge.csv
267,351,24,"11 May 2008, 16:49:58",3.5484565862450688,-0.0040765987852816,34.837662550361905,0.0008,0.0,3021.75,1.431210744960774,B0006_discharge.csv
268,355,24,"11 May 2008, 21:47:12",3.549925959367978,-0.003369633278137,34.87870780639173,0.0006,0.0,3012.265,1.4260247179525716,B0006_discharge.csv
269,359,24,"12 May 2008, 02:36:58",3.5622369118183483,-0.0030866542358001,34.66799385095821,0.0006,0.0,3002.641,1.420487649966195,B0006_discharge.csv
270,363,24,"12 May 2008, 12:56:34",3.558769894565424,-0.0034861971592438,35.255766985179704,0.0006,0.0,3012.0,1.4207006230355006,B0006_discharge.csv
271,366,24,"12 May 2008, 18:59:59",3.5413834963307256,-0.0016814999715928,35.87126418983831,0.0006,0.0,3020.11,1.452255804330839,B0006_discharge.csv
272,370,24,"12 May 2008, 23:53:17",3.557320348056594,-0.0036242300462665,35.5586741930245,0.0006,0.0,3002.172000000006,1.431557632772571,B0006_discharge.csv
273,374,24,"13 May 2008, 04:35:25",3.5560021159887576,-0.0001220877718859,35.37917332729927,0.0006,0.0,2992.703,1.415015751158943,B0006_discharge.csv
274,378,24,"13 May 2008, 09:24:04",3.565450927200841,-0.0030022441391222,35.25835879194265,0.0008,0.0,2964.468,1.4097311506517451,B0006_discharge.csv
275,382,24,"13 May 2008, 14:20:24",3.5778109276715733,-0.0026601213085165,34.97774357485852,0.0008,0.0,2983.375,1.404917318129309,B0006_discharge.csv
276,386,24,"13 May 2008, 19:04:20",3.5823842742694407,-0.0042893793618397,35.09536674698793,0.0006,0.0,2975.297,1.395164296571563,B0006_discharge.csv
277,390,24,"13 May 2008, 23:59:26",3.5836702091707866,-0.0025169601571893,35.23466125554352,0.0008,0.0,2974.9850000000006,1.3945343832614077,B0006_discharge.csv
278,394,24,"14 May 2008, 04:55:57",3.5856253738844623,-0.0006328574526033,35.0345809347327,0.0006,0.0,2966.25,1.3893171179312644,B0006_discharge.csv
279,398,24,"14 May 2008, 09:52:22",3.588984284723791,-0.0046533569917268,34.959736236714605,0.0008,0.0,2956.359,1.3838379472327809,B0006_discharge.csv
280,402,24,"14 May 2008, 14:35:22",3.5864700210588274,-0.0047347736266316,35.130364090229946,0.0008,0.0,2956.344,1.3736814238195123,B0006_discharge.csv
281,406,24,"14 May 2008, 19:31:39",3.5923515752514272,-0.0041643110524625,35.31000839824853,0.0008,0.0,2956.406,1.3786059891863676,B0006_discharge.csv
282,410,24,"15 May 2008, 00:27:55",3.5963124070242887,-0.0019713158043576,35.16961820965507,0.0006,0.0,2947.266,1.3737600299108574,B0006_discharge.csv
283,414,24,"15 May 2008, 05:24:04",3.6002389127425705,-0.0032129390964392,34.99384427968127,0.0008,0.0,2937.984,1.3682580583942712,B0006_discharge.csv
284,418,24,"15 May 2008, 10:20:03",3.604261987061514,-0.0052861861256525,34.87051338845891,0.0006,0.0,2929.125,1.3633024037317505,B0006_discharge.csv
285,422,24,"15 May 2008, 15:10:59",3.610208784768209,-0.0058800185313669,34.99150315814171,0.0008,0.0,2928.454,1.35809661401726,B0006_discharge.csv
286,426,24,"15 May 2008, 19:56:47",3.604384847345642,-0.0026974817941556,35.370353548691504,0.0006,0.0,2929.375,1.353269090999531,B0006_discharge.csv
287,430,24,"16 May 2008, 16:54:59",3.5929395911706528,-0.0002897043696836,35.35792668120537,0.0008,0.0,2946.031,1.3841605738237488,B0006_discharge.csv
288,432,24,"16 May 2008, 21:37:39",3.5862615333641465,-0.0026966931738906,35.8874924214886,0.0006,0.0,2955.438,1.4051467790651473,B0006_discharge.csv
289,436,24,"17 May 2008, 02:32:13",3.5993733218450874,-0.0048093692793573,35.41362624524575,0.0006,0.0,2937.625,1.378719022627353,B0006_discharge.csv
290,440,24,"17 May 2008, 07:25:19",3.613313370916122,-0.0036956331814371,34.86662650314206,0.0006,0.0,2929.078,1.3682657783199066,B0006_discharge.csv
291,444,24,"17 May 2008, 12:21:15",3.612916400780757,0.002448164539924,34.900465534838,0.0006,-0.0,2918.375,1.3573151296618016,B0006_discharge.csv
292,448,24,"17 May 2008, 17:15:37",3.62307676232919,-0.0044828777750995,34.624064867045256,0.0006,0.0,2919.812,1.3524934638801596,B0006_discharge.csv
293,452,24,"17 May 2008, 22:10:51",3.6225410007004046,-0.0003725715105527,34.74761764675118,0.0006,0.0,2900.422,1.3474099151661236,B0006_discharge.csv
294,456,24,"18 May 2008, 03:05:19",3.626275900079049,-0.0006780455442284,34.606986338741144,0.0008,0.0,2901.375,1.3370075130842318,B0006_discharge.csv
295,460,24,"18 May 2008, 08:00:50",3.630939582490314,-0.0025625529319735,34.3758393274177,0.0006,0.0,2901.187,1.3312352966718526,B0006_discharge.csv
296,464,24,"18 May 2008, 12:44:48",3.63665215167077,-0.0037520251275725,34.21509258181516,0.0006,0.0,2891.64,1.3259303781727645,B0006_discharge.csv
297,468,24,"18 May 2008, 17:36:29",3.633648674889144,0.000971062580228,34.404525748296365,0.0006,0.0,2882.906,1.321578743867529,B0006_discharge.csv
298,472,24,"18 May 2008, 22:31:45",3.6408526421786505,-0.0036309992623418,34.27105538633811,0.0006,0.0,2883.265,1.321225074066109,B0006_discharge.csv
299,476,24,"19 May 2008, 03:27:07",3.6463041446743727,-0.001610588681112,34.099498695535075,0.0008,0.0,2882.969,1.3156485301862682,B0006_discharge.csv
300,480,24,"19 May 2008, 15:34:33",3.643185525285694,-0.0051612468139402,34.347474812989034,0.0006,0.0,2891.656,1.3209025697502388,B0006_discharge.csv
301,482,24,"19 May 2008, 20:59:48",3.63009179178362,-0.0066818333182004,34.64277824450123,0.0006,0.0,2901.25,1.3474328767273906,B0006_discharge.csv
302,484,24,"20 May 2008, 01:16:42",3.644383145306869,-0.0030683451427328,34.125942825083634,0.0006,0.0,2891.703,1.3260128072353616,B0006_discharge.csv
303,488,24,"20 May 2008, 06:12:06",3.647724843088211,-0.004687032454786,33.887376782077006,0.0006,0.0,2883.016,1.3101186784831065,B0006_discharge.csv
304,492,24,"20 May 2008, 11:07:23",3.654758881299619,-0.0051591079110662,33.56218507973103,0.0006,0.0,2873.453,1.30521620229393,B0006_discharge.csv
305,496,24,"20 May 2008, 15:57:27",3.649848216700934,-0.0036322565606385,33.97512946957805,0.0006,-0.0,2874.031,1.3004061951355774,B0006_discharge.csv
306,500,24,"20 May 2008, 20:50:39",3.654795053390779,-0.0037711320331798,33.9938311075272,0.0006,0.0,2874.234,1.300235735841116,B0006_discharge.csv
307,504,24,"21 May 2008, 01:39:38",3.65519692144285,-0.0016085927490509,33.80021082576708,0.0006,0.0,2864.984,1.2895066722480757,B0006_discharge.csv
308,508,24,"21 May 2008, 06:24:27",3.660920185251899,-0.0036793388248434,33.39907834598599,0.0006,0.0,2855.093,1.279253057384795,B0006_discharge.csv
309,512,24,"21 May 2008, 11:18:06",3.6665506464743816,-0.0032493942649211,33.17152279184158,0.0006,0.0,2855.625,1.2792078171714618,B0006_discharge.csv
310,516,24,"21 May 2008, 16:10:21",3.664830420095059,-0.0012904707694538,33.52589300448675,0.0006,0.0,2855.594,1.274036760902923,B0006_discharge.csv
311,520,24,"21 May 2008, 21:02:09",3.6670708418070905,-0.0024174112114032,33.48434759874664,0.0006,0.0,2847.437,1.2741273923001468,B0006_discharge.csv
312,524,24,"22 May 2008, 01:42:59",3.671063896554771,-0.0019144845855416,33.05127195424509,0.0006,0.0,2847.36,1.263763942644078,B0006_discharge.csv
313,528,24,"22 May 2008, 06:32:40",3.675527990548978,-0.000216240567834,32.79536153426087,0.0006,0.0,2837.328,1.2581373688955233,B0006_discharge.csv
314,532,24,"22 May 2008, 11:23:22",3.67291170661734,-0.0048998471272269,32.87846636576991,0.0008,0.0,2837.281,1.253259864055301,B0006_discharge.csv
315,536,24,"22 May 2008, 16:17:58",3.67294260827938,-0.0015042475247667,33.21432605910474,0.0006,0.0,2838.515,1.2532313315493426,B0006_discharge.csv
316,540,24,"22 May 2008, 20:59:50",3.676426871927093,0.0018528412705641,33.01008606676501,0.0006,0.0,2828.328,1.2480874960313575,B0006_discharge.csv
317,544,24,"23 May 2008, 12:13:16",3.678748349217624,-0.0038397214228711,32.83266948313975,0.0006,0.0,2838.265,1.2534354284944844,B0006_discharge.csv
318,547,24,"23 May 2008, 20:14:29",3.6660243812714266,-0.0058360199331697,33.95920158428766,0.0006,0.0,2864.547,1.28980487732669,B0006_discharge.csv
319,551,24,"24 May 2008, 01:09:21",3.673517843188949,-0.0077447981233232,33.66715541097441,0.0006,0.0,2846.39,1.2635402021758837,B0006_discharge.csv
320,555,24,"24 May 2008, 06:00:20",3.679265325617699,-0.0030678547998177,33.29047666862118,0.0006,0.0,2837.969,1.2479761706842851,B0006_discharge.csv
321,559,24,"24 May 2008, 10:42:50",3.6810005302067896,-0.0010619899134,33.0677214501059,0.0006,0.0,2838.156,1.2321202877943334,B0006_discharge.csv
322,563,24,"24 May 2008, 15:31:10",3.6816210659707824,-0.0055846749856578,33.05886238959916,0.0006,0.0,2829.843,1.2271137666213534,B0006_discharge.csv
323,567,24,"24 May 2008, 20:21:13",3.6870580470143386,-0.0020995701539379,32.80619308942374,0.0006,0.0,2829.625,1.2217397581377356,B0006_discharge.csv
324,571,24,"25 May 2008, 01:06:49",3.686609623032529,-0.0028067410403196,32.85539211201931,0.0006,0.0,2819.437,1.211102678915174,B0006_discharge.csv
325,575,24,"25 May 2008, 05:57:17",3.6886642285753455,-0.0032694873311616,32.72492217663622,0.0006,0.0,2819.579,1.2056159765131735,B0006_discharge.csv
326,579,24,"25 May 2008, 10:51:37",3.689427929747468,-0.0038166754449602,32.76928328797007,0.0006,0.0,2810.672,1.2008936262717274,B0006_discharge.csv
327,583,24,"25 May 2008, 15:37:08",3.691557712403205,-0.0020468242754553,32.59685985360409,0.0006,0.0,2811.485,1.1905903985558337,B0006_discharge.csv
328,587,24,"25 May 2008, 20:23:04",3.692494602830583,-0.0029304391838639,32.62058102581185,0.0006,0.0,2802.422,1.185179251041941,B0006_discharge.csv
329,591,24,"26 May 2008, 01:13:02",3.693907128232746,-0.0013480330701835,32.5455784721457,0.0006,0.0,2801.625,1.1796706818144624,B0006_discharge.csv
330,595,24,"26 May 2008, 06:01:08",3.6946262144743858,-0.0052291838766734,32.43120345933949,0.0006,0.0,2802.031,1.1745952836753917,B0006_discharge.csv
331,599,24,"26 May 2008, 10:44:38",3.6963269652374176,-0.0007456920500808,32.113473228514714,0.0006,0.0,2793.39,1.15381833159625,B0006_discharge.csv
332,603,24,"26 May 2008, 15:30:43",3.697169686162496,-0.0011878029051239,32.299362879069115,0.0006,0.0,2793.39,1.1644009557372264,B0006_discharge.csv
333,607,24,"26 May 2008, 20:21:04",3.6966744870459154,-0.0024571388608882,32.41675406202398,0.0008,0.0,2792.485,1.1587974947916069,B0006_discharge.csv
334,611,24,"27 May 2008, 15:52:41",3.69305943579077,-0.001244768573829,32.371096995705706,0.0006,0.0,2802.016,1.1749748834769171,B0006_discharge.csv
335,613,24,"27 May 2008, 20:45:42",3.691808982914086,-0.0031271288430358,32.1923241277653,0.0006,0.0,2820.39,1.1856752327929356,B0006_discharge.csv
336,1,24,"02 Apr 2008, 15:25:41",3.062112709085676,-0.001433298764086,37.338478488929326,-0.0004,0.0,3690.234,1.89105229539079,B0007_discharge.csv
337,3,24,"02 Apr 2008, 19:43:48",3.0792262382335167,-0.0032303852413976,37.16173860146792,-0.0004,0.0,3672.344,1.880637027686859,B0007_discharge.csv
338,5,24,"03 Apr 2008, 00:01:06",3.0632655470968637,-0.0031577828798491,37.50810004065615,-0.0006,0.0,3651.641,1.8806626717011388,B0007_discharge.csv
339,7,24,"03 Apr 2008, 04:16:37",3.039420908181304,-0.0034215178869589,37.85540508837012,-0.0006,0.0,3631.563,1.8807709009833444,B0007_discharge.csv
340,9,24,"03 Apr 2008, 08:33:25",3.0431671777523723,-0.0023550897377964,37.835870469417415,-0.0006,0.0,3629.172,1.8794508728285055,B0007_discharge.csv
341,11,24,"03 Apr 2008, 12:55:10",3.1233879823287563,-0.002524129483244,36.68060294732608,-0.0006,0.0,3652.281,1.8807003517117404,B0007_discharge.csv
342,13,24,"03 Apr 2008, 17:17:16",3.1185821288267825,-0.0026819678669145,36.8457570408316,-0.0006,0.0,3650.828,1.8799352523566075,B0007_discharge.csv
343,15,24,"03 Apr 2008, 21:28:14",3.0484292097717485,-0.0036049241601853,38.24441491278045,-0.0006,0.0,3572.453,1.88150881240388,B0007_discharge.csv
344,17,24,"04 Apr 2008, 01:38:15",3.016246202253228,0.0002748134023479,38.66297037110604,-0.0006,0.0,3550.594,1.8696907870385844,B0007_discharge.csv
345,19,24,"04 Apr 2008, 05:48:08",3.005452831952688,-0.0067258269664391,38.74331536284642,-0.0006,0.0,3551.25,1.870052380139199,B0007_discharge.csv
346,21,24,"04 Apr 2008, 09:57:19",2.966533480141811,-0.0023664019737252,39.17593371990745,-0.0006,0.0,3530.25,1.8700442394188577,B0007_discharge.csv
347,24,24,"04 Apr 2008, 17:56:27",2.9583476203190093,-0.0065798850663052,39.592673846682096,-0.0006,0.0,3491.016,1.8596518987766364,B0007_discharge.csv
348,26,24,"04 Apr 2008, 22:01:54",2.896976191688246,-0.0047140791540571,39.74652756123744,-0.0006,0.0,3470.281,1.8590746560862208,B0007_discharge.csv
349,28,24,"05 Apr 2008, 02:20:26",2.876004651491185,-0.0004508051048845,39.880450790470064,-0.0004,0.0,3470.0,1.8590084577709232,B0007_discharge.csv
350,30,24,"05 Apr 2008, 06:25:01",2.9490333218639506,-0.00658524051204,39.17973626296238,-0.0006,0.0,3450.297,1.8593622586957048,B0007_discharge.csv
351,32,24,"05 Apr 2008, 10:30:32",2.817578542562853,-0.004489723046018,39.5636595172155,-0.0006,0.0,3429.407,1.8587355450601035,B0007_discharge.csv
352,34,24,"05 Apr 2008, 14:34:41",1.8575547668336485,-1.9886714355268635,39.628948319501816,-2.0,1.016,3409.484,1.847817291322145,B0007_discharge.csv
353,36,24,"05 Apr 2008, 18:39:25",2.165755612420893,-1.9885132586017464,39.22534721491488,-2.0,1.342,3390.422,1.8485252916137047,B0007_discharge.csv
354,38,24,"05 Apr 2008, 22:46:35",2.0270686341513207,-1.985790712160166,39.4126321606434,-2.0,1.205,3390.281,1.848378951850034,B0007_discharge.csv
355,41,24,"18 Apr 2008, 21:10:19",2.990508602000316,-0.003199993527738,38.26643350673746,-0.0006,0.0,3591.734,1.8807805437609768,B0007_discharge.csv
356,45,24,"19 Apr 2008, 02:29:09",2.9244436686756003,-0.002762863087942,39.34502064263967,-0.0006,0.0,3552.297,1.88147215974436,B0007_discharge.csv
357,49,24,"19 Apr 2008, 07:47:15",2.985701673091382,-0.0027336860785024,38.40282688637759,-0.0006,0.0,3531.578,1.8810954313244783,B0007_discharge.csv
358,53,24,"19 Apr 2008, 13:01:42",2.8624482917296183,-0.002279916789759,39.19501045362934,-0.0006,0.0,3492.907,1.8710089649779995,B0007_discharge.csv
359,57,24,"19 Apr 2008, 18:27:29",2.9139323032496045,-0.0007937441569346,39.01311177014317,-0.0006,0.0,3511.594,1.8701995151941373,B0007_discharge.csv
360,61,24,"19 Apr 2008, 23:41:55",2.0506492642329937,-1.989613682310056,38.86906912217273,-2.0,1.232,3431.9370000000054,1.8706715362800983,B0007_discharge.csv
361,65,24,"20 Apr 2008, 04:54:41",1.8254369744762284,-1.989741219592955,39.11839966443177,-2.0,0.987,3431.125,1.8596124644020169,B0007_discharge.csv
362,69,24,"20 Apr 2008, 10:16:28",2.134879000684994,-1.9898673663421715,38.68010761281634,-2.0,1.314,3412.406,1.860033909718346,B0007_discharge.csv
363,73,24,"20 Apr 2008, 15:37:05",1.970455493406623,-1.9877925272465773,38.863045678198645,-2.0,1.148,3410.688,1.8591653109160768,B0007_discharge.csv
364,77,24,"20 Apr 2008, 20:50:38",1.813269430976001,-1.9870210652866236,39.14531169811219,-2.0,0.97,3410.718,1.8481398178778288,B0007_discharge.csv
365,81,24,"21 Apr 2008, 02:15:02",2.048365732409564,-1.988055260143558,38.8380564174779,-2.0,1.228,3392.719,1.849201702126164,B0007_discharge.csv
366,85,24,"22 Apr 2008, 15:33:49",2.8828887698944623,-0.0025962428285614,38.78113987979569,0.0004,0.0,3470.672,1.8834677437950849,B0007_discharge.csv
367,89,24,"22 Apr 2008, 20:26:18",2.1177799354077496,-1.987749839050796,39.05387577229197,2.0,1.24,3414.109,1.8628211117905844,B0007_discharge.csv
368,93,24,"23 Apr 2008, 01:18:11",2.1637448793153697,-1.987965539848486,38.699551697978606,2.0,1.294,3395.219,1.852085039652352,B0007_discharge.csv
369,97,24,"23 Apr 2008, 06:18:19",2.045656147205805,-1.98762305230902,38.6052414906155,2.0,1.172,3386.0,1.8469504648208708,B0007_discharge.csv
370,101,24,"23 Apr 2008, 11:08:00",2.1356202266992863,-1.9908807729375653,38.42604747702835,2.0,1.264,3368.187,1.836828431169018,B0007_discharge.csv
371,105,24,"23 Apr 2008, 16:06:25",2.042987153745025,-1.9879657409069909,39.0468968949422,2.0,1.163,3368.266,1.8371619619672277,B0007_discharge.csv
372,109,24,"23 Apr 2008, 21:02:58",1.978616239411895,-1.985827105930258,38.83676495861389,2.0,1.097,3358.719,1.8316722583718852,B0007_discharge.csv
373,113,24,"24 Apr 2008, 01:51:33",2.15845357648832,-1.9886961213342005,38.49981470604549,2.0,1.284,3339.5,1.8211470951317783,B0007_discharge.csv
374,117,24,"24 Apr 2008, 06:50:00",2.092603698932653,-1.9871268063980227,38.582340147970775,2.0,1.22,3331.265,1.816506091511515,B0007_discharge.csv
375,121,24,"24 Apr 2008, 11:49:24",2.152888643167804,-1.9880004225486572,38.787499833494046,2.0,1.276,3321.188,1.8113815601504557,B0007_discharge.csv
376,125,24,"24 Apr 2008, 16:45:56",2.0537418826405966,-1.9897635577868185,39.31221126031847,2.0,1.174,3321.844,1.8116056333939583,B0007_discharge.csv
377,129,24,"24 Apr 2008, 21:38:11",2.079330058633996,-1.9868867646425723,39.40567993360536,2.0,1.203,3311.828,1.8060548955557405,B0007_discharge.csv
378,133,24,"25 Apr 2008, 12:03:44",2.075979330452076,-1.98743378616136,39.32802757827611,-2.0,1.234,3327.391,1.8132041826994056,B0007_discharge.csv
379,135,24,"25 Apr 2008, 20:03:55",2.0674349483094465,-1.98711828168815,38.6112528181758,2.0,1.189,3312.078,1.8062641938283532,B0007_discharge.csv
380,139,24,"26 Apr 2008, 01:04:35",2.037264031192436,-1.985217167704388,38.56972695128688,2.0,1.159,3293.172,1.7958310249900458,B0007_discharge.csv
381,143,24,"26 Apr 2008, 05:57:35",2.1632674190148338,-1.9908261553736708,38.34572083526661,2.0,1.288,3275.328,1.7858852600390451,B0007_discharge.csv
382,147,24,"26 Apr 2008, 10:58:25",2.106631526845483,-1.990104969027171,38.48254063494672,2.0,1.23,3265.016,1.780326860450275,B0007_discharge.csv
383,149,24,"29 Apr 2008, 12:15:56",2.1809272860788376,-1.9889749573108797,41.0499421893331,2.0,1.292,3328.937,1.8150756899575575,B0007_discharge.csv
384,153,24,"29 Apr 2008, 17:05:27",2.1773498094527195,-1.986998523082832,40.361944885615415,2.0,1.302,3329.266,1.815702515484584,B0007_discharge.csv
385,157,24,"29 Apr 2008, 22:00:04",2.180136101967249,-1.9875986342355048,39.6676965288026,2.0,1.303,3301.579,1.800243217805667,B0007_discharge.csv
386,161,24,"30 Apr 2008, 02:43:55",2.128629519907685,-1.9881243315552564,39.481181404811096,2.0,1.253,3283.563,1.7904476205609308,B0007_discharge.csv
387,165,24,"30 Apr 2008, 07:41:42",2.8191493135378414,0.0007008105306003,39.4190511430692,0.0006,0.001,3275.125,1.780343032300132,B0007_discharge.csv
388,169,24,"30 Apr 2008, 12:28:49",2.7914986722149657,0.0001504085743458,39.72196117128354,0.0006,0.001,3265.656,1.775328769596812,B0007_discharge.csv
389,173,24,"30 Apr 2008, 17:20:16",2.912699551286945,-0.0037137762555414,40.03166030610401,0.0006,0.001,3266.093,1.770262973473285,B0007_discharge.csv
390,177,24,"30 Apr 2008, 22:14:54",2.99598771253577,-0.0001155222884265,39.47151470318985,0.0006,0.001,3257.594,1.760081061854204,B0007_discharge.csv
391,181,24,"01 May 2008, 03:15:33",2.97267687251875,-0.002283350612705,39.72504112694839,0.0006,0.001,3248.593,1.749647593537689,B0007_discharge.csv
392,185,24,"01 May 2008, 08:16:03",2.981408978015783,-0.0025429921710424,39.74335777163101,0.0006,0.001,3238.766,1.749650075059311,B0007_discharge.csv
393,189,24,"01 May 2008, 13:14:24",3.0307473063064005,-0.0003544434935524,39.81953912502844,0.0006,0.001,3240.14,1.745028739214683,B0007_discharge.csv
394,193,24,"01 May 2008, 18:11:10",3.0390623366854363,0.0005136007463939,40.01028250671972,0.0006,0.001,3230.109,1.739645745528673,B0007_discharge.csv
395,197,24,"01 May 2008, 23:10:15",3.073271766798443,-0.0040444055578937,39.75053704778333,0.0006,0.001,3229.7810000000027,1.7285642277717963,B0007_discharge.csv
396,201,24,"02 May 2008, 03:53:34",3.098778836006644,-0.0027133760641162,39.59496852359788,0.0006,0.001,3212.469,1.723900324588418,B0007_discharge.csv
397,205,24,"02 May 2008, 08:44:40",3.1213682588066063,-0.004186988652053,39.5844814443095,0.0006,0.001,3213.219,1.7139788776485192,B0007_discharge.csv
398,209,24,"02 May 2008, 13:43:05",3.134628907491469,-0.00169536903087,39.781502836656216,0.0006,0.001,3203.578,1.7139701997004613,B0007_discharge.csv
399,213,24,"02 May 2008, 19:07:48",3.121005705744245,-0.0006350555940352,39.61214975381861,0.0006,0.001,3195.125,1.7036521173638766,B0007_discharge.csv
400,215,24,"02 May 2008, 23:24:17",3.1645013695815067,-0.0001039557887996,39.80746181071329,0.0006,0.001,3195.312999999994,1.7040137474382486,B0007_discharge.csv
401,219,24,"03 May 2008, 04:13:08",3.210026375746328,0.0005202799210286,39.41546684721791,0.0006,0.001,3186.297,1.6935716157343033,B0007_discharge.csv
402,223,24,"03 May 2008, 09:10:19",3.2105896114065064,-0.0064515709477991,39.38468422517983,0.0006,0.001,3176.438,1.6876577363877656,B0007_discharge.csv
403,227,24,"03 May 2008, 14:04:34",3.211652712511208,-0.0039935903020656,39.44521505855808,0.0006,0.001,3167.593,1.6830744356583152,B0007_discharge.csv
404,231,24,"03 May 2008, 18:58:13",3.236789078959493,-0.0023545972423449,39.35070556226329,0.0006,0.001,3167.719,1.6779270142025482,B0007_discharge.csv
405,235,24,"03 May 2008, 23:42:30",3.236252355469797,-0.0033004932862077,39.41976350500417,0.0006,0.001,3159.077999999994,1.6732060275966172,B0007_discharge.csv
406,239,24,"04 May 2008, 04:41:40",3.2381402568717146,-0.0002657679578068,39.40864300057317,0.0006,0.001,3148.829,1.6674367208253988,B0007_discharge.csv
407,243,24,"04 May 2008, 09:40:11",3.2607912474890384,-0.0007109598216275,39.264143783146885,0.0006,0.001,3149.094,1.6622662630667526,B0007_discharge.csv
408,247,24,"04 May 2008, 14:38:13",3.257637774311608,-0.0027235610303419,39.36784551748463,0.0006,0.001,3140.547,1.6574243065763063,B0007_discharge.csv
409,251,24,"04 May 2008, 19:37:07",3.2561979569093245,-0.0035669459789413,39.39959519561276,0.0006,0.001,3131.625,1.652538684928734,B0007_discharge.csv
410,255,24,"05 May 2008, 00:35:53",3.2612376667863723,-0.0043765447266232,39.320545250898135,0.0006,0.001,3121.907,1.6472174627573322,B0007_discharge.csv
411,259,24,"05 May 2008, 05:28:13",3.2767912255627567,-0.0014129834757074,39.2246672973276,0.0006,0.001,3122.125,1.6364136810898071,B0007_discharge.csv
412,263,24,"05 May 2008, 11:41:31",3.280204681321995,-0.0012993694673743,39.04465270260157,0.0006,0.001,3121.672,1.6362554312048496,B0007_discharge.csv
413,265,24,"05 May 2008, 20:40:08",3.246330916016724,-0.0031090864330629,39.49011143556369,0.0006,0.001,3120.86,1.641119179218384,B0007_discharge.csv
414,269,24,"06 May 2008, 01:38:46",3.2847935310270984,-0.0017556314132532,38.82694232415079,0.0006,0.001,3103.828,1.6315700789656966,B0007_discharge.csv
415,273,24,"06 May 2008, 06:37:06",3.278208354451213,-0.0041721090919283,38.88522538336197,0.0006,0.001,3095.094,1.621213282987236,B0007_discharge.csv
416,277,24,"06 May 2008, 11:25:21",3.2985123960309424,-0.0013735857053792,38.95656520663636,0.0006,0.001,3095.781,1.6164273214762122,B0007_discharge.csv
417,281,24,"06 May 2008, 16:23:36",3.289212625215621,-0.0042162147542391,39.48650196100678,0.0006,0.001,3094.328,1.615823510161921,B0007_discharge.csv
418,285,24,"06 May 2008, 21:21:49",3.296160957280199,-0.0047144325865619,39.46565734940419,0.0006,0.001,3086.531,1.61672418029789,B0007_discharge.csv
419,289,24,"07 May 2008, 02:17:25",3.3160994964500823,-0.0001352990693923,39.20259462192714,0.0006,0.001,3085.625,1.6108655863730026,B0007_discharge.csv
420,293,24,"07 May 2008, 07:04:02",3.299349705093624,-0.0014557521317295,39.139515484480654,0.0006,0.001,3067.203,1.6006603374309376,B0007_discharge.csv
421,297,24,"07 May 2008, 12:01:49",3.2941059341780656,-0.0016319759350885,39.27250656202853,0.0006,0.001,3058.157,1.5959174487005665,B0007_discharge.csv
422,301,24,"07 May 2008, 16:59:29",3.321071654405696,-0.0030813736515532,39.19187641994032,0.0006,0.001,3058.812,1.5962179519462243,B0007_discharge.csv
423,305,24,"07 May 2008, 21:56:09",3.314895683672692,-0.0001091599960618,39.516239357653845,0.0006,0.001,3058.578,1.5958065114633972,B0007_discharge.csv
424,309,24,"08 May 2008, 02:53:49",3.285250365344493,-0.0009939270490659,40.00681153938249,0.0006,0.001,3049.328,1.5906507821480704,B0007_discharge.csv
425,312,24,"09 May 2008, 12:25:07",3.167885572406937,-0.0027494938136673,40.42042599279396,0.0006,0.001,3177.219,1.6888211161855506,B0007_discharge.csv
426,315,24,"09 May 2008, 20:28:09",3.2155768977103443,-0.0023669333756805,40.44989071460701,0.0006,0.001,3082.937,1.6259938279733204,B0007_discharge.csv
427,319,24,"10 May 2008, 01:21:56",3.237322371764735,-0.0123837570399134,40.3750373065057,0.0006,0.001,3074.266,1.6157433862812898,B0007_discharge.csv
428,323,24,"10 May 2008, 06:18:12",3.265128362055365,-0.0030267399483958,40.030609937049306,0.0006,0.001,3066.0,1.6056626764846538,B0007_discharge.csv
429,327,24,"10 May 2008, 11:16:04",3.296447022937046,-0.0015868285156752,39.54773117784952,0.0006,0.001,3056.437,1.5949746921524348,B0007_discharge.csv
430,331,24,"10 May 2008, 16:11:56",3.2937623817098896,-0.0005847435725526,39.599978903233925,0.0006,0.001,3048.219,1.5904102438871943,B0007_discharge.csv
431,335,24,"10 May 2008, 21:07:54",3.295607974447043,-0.0023094661314773,39.66626659637191,0.0006,0.001,3039.218,1.5853517062988178,B0007_discharge.csv
432,339,24,"11 May 2008, 02:05:21",3.31453089957125,-0.001928951726693,39.467340666650855,0.0006,0.001,3039.047,1.5799737147242376,B0007_discharge.csv
433,343,24,"11 May 2008, 06:55:27",3.316265649872767,-0.0018129097333164,39.50093405972706,0.0006,0.001,3030.375,1.5752185465278068,B0007_discharge.csv
434,347,24,"11 May 2008, 11:52:47",3.3180552739333047,-0.0025139183802956,39.5195040148385,0.0006,0.001,3021.0,1.569798484648868,B0007_discharge.csv
435,351,24,"11 May 2008, 16:49:58",3.337661100143437,-0.0011999944461312,39.31627404315056,0.0006,0.001,3021.75,1.5702565375950357,B0007_discharge.csv
436,355,24,"11 May 2008, 21:47:12",3.3084712639892704,-0.0010593966219461,39.81359709601993,0.0006,0.001,3012.265,1.565249873909438,B0007_discharge.csv
437,359,24,"12 May 2008, 02:36:58",3.31616190352511,-0.0043310348904946,39.69751398535721,0.0006,0.001,3002.641,1.559633933561147,B0007_discharge.csv
438,363,24,"12 May 2008, 12:56:34",3.3086447213643893,0.0003940383447631,39.65887447320892,0.0006,0.001,3012.0,1.5649820533392105,B0007_discharge.csv
439,366,24,"12 May 2008, 18:59:59",3.2797614304472664,0.0002870995994081,40.5101151291594,0.0006,0.001,3020.11,1.57497949984227,B0007_discharge.csv
440,370,24,"12 May 2008, 23:53:17",3.2816898392310923,-0.0025180191452286,40.53892255725077,0.0006,0.001,3002.172000000006,1.5652811168780458,B0007_discharge.csv
441,374,24,"13 May 2008, 04:35:25",3.3192912535815724,-0.0014894960550781,39.953812741448594,0.0006,0.001,2992.703,1.559755497470126,B0007_discharge.csv
442,378,24,"13 May 2008, 09:24:04",3.271441637834264,0.0005687421366951,40.44322558950072,0.0006,0.001,2964.468,1.549897685670499,B0007_discharge.csv
443,382,24,"13 May 2008, 14:20:24",3.3355119582476678,-0.003034537250602,39.73604954117975,0.0006,0.001,2983.375,1.543877153134502,B0007_discharge.csv
444,386,24,"13 May 2008, 19:04:20",3.309262641432676,-0.001250694164884,40.29341866749168,0.0006,0.001,2975.297,1.5450187488690073,B0007_discharge.csv
445,390,24,"13 May 2008, 23:59:26",3.3329781009294663,-0.0022256967182307,40.07444746627833,0.0006,0.001,2974.9850000000006,1.5445940154102908,B0007_discharge.csv
446,394,24,"14 May 2008, 04:55:57",3.333293705571698,-0.000842726826308,39.9108306585334,0.0006,0.001,2966.25,1.5343086721758876,B0007_discharge.csv
447,398,24,"14 May 2008, 09:52:22",3.335626153934355,-0.0026420543567611,39.82498588366532,0.0006,0.001,2956.359,1.5287603942958483,B0007_discharge.csv
448,402,24,"14 May 2008, 14:35:22",3.330409249627142,-0.0026077755536421,40.12170437871598,0.0006,0.001,2956.344,1.5289260249179843,B0007_discharge.csv
449,406,24,"14 May 2008, 19:31:39",3.3206227363539624,-0.0027409283049881,40.50339709074624,0.0006,0.001,2956.406,1.529091650133123,B0007_discharge.csv
450,410,24,"15 May 2008, 00:27:55",3.325515911717548,-0.0001323108239163,40.34260720426913,0.0006,0.001,2947.266,1.5239059324661248,B0007_discharge.csv
451,414,24,"15 May 2008, 05:24:04",3.333109444153607,0.0008330088421784,40.07998323775728,0.0006,0.001,2937.984,1.5186675419100617,B0007_discharge.csv
452,418,24,"15 May 2008, 10:20:03",3.3357107086010784,0.0008109185674223,39.96238768267866,0.0006,0.001,2929.125,1.5136482266426952,B0007_discharge.csv
453,422,24,"15 May 2008, 15:10:59",3.33093981123572,0.0004787085189064,40.27976660138384,0.0006,0.001,2928.454,1.5136050185229033,B0007_discharge.csv
454,426,24,"15 May 2008, 19:56:47",3.325286281364161,-0.0036962002567011,40.62025062237443,0.0006,0.001,2929.375,1.5139470614867965,B0007_discharge.csv
455,430,24,"16 May 2008, 16:54:59",3.275520043283547,-0.0034944252500072,40.35266927637996,0.0004,0.001,2946.031,1.5339599193158786,B0007_discharge.csv
456,432,24,"16 May 2008, 21:37:39",3.308772267470376,-0.0026955304738864,39.9268734035946,0.0006,0.001,2955.438,1.5391372798653098,B0007_discharge.csv
457,436,24,"17 May 2008, 02:32:13",3.301562663091317,-0.0033319167686804,40.025317180366535,0.0006,0.001,2937.625,1.5236247972838737,B0007_discharge.csv
458,440,24,"17 May 2008, 07:25:19",3.32941289444089,-0.0025080277743744,39.498622345271656,0.0006,0.001,2929.078,1.5135813035589147,B0007_discharge.csv
459,444,24,"17 May 2008, 12:21:15",3.3330073089590666,-0.0039636595885644,39.42127524840289,0.0006,0.001,2918.375,1.5077850749847914,B0007_discharge.csv
460,448,24,"17 May 2008, 17:15:37",3.347244064929216,-0.0019015454234801,39.25911145478399,0.0006,0.001,2919.812,1.5031960676037333,B0007_discharge.csv
461,452,24,"17 May 2008, 22:10:51",3.3383192077980985,-0.0056668576227255,39.35985985119906,0.0006,0.001,2900.422,1.497822059699588,B0007_discharge.csv
462,456,24,"18 May 2008, 03:05:19",3.3540043455800244,0.0007327720452479,39.161409808384136,0.0006,0.001,2901.375,1.492848534633516,B0007_discharge.csv
463,460,24,"18 May 2008, 08:00:50",3.3701802702751755,0.0002043455553093,38.85264793310092,0.0006,0.001,2901.187,1.492414389867026,B0007_discharge.csv
464,464,24,"18 May 2008, 12:44:48",3.34604333393751,-0.0011191296590319,39.25240516160811,0.0006,0.001,2891.64,1.487482776538081,B0007_discharge.csv
465,468,24,"18 May 2008, 17:36:29",3.351868703717653,-0.0003607174029146,39.16149931006487,0.0006,0.001,2882.906,1.482535148640411,B0007_discharge.csv
466,472,24,"18 May 2008, 22:31:45",3.37126103928545,-0.0019608629421668,38.91377876842738,0.0006,0.001,2883.265,1.4827874322228984,B0007_discharge.csv
467,476,24,"19 May 2008, 03:27:07",3.363638143826266,-0.0024521571985342,39.0351068168703,0.0006,0.001,2882.969,1.476971179775059,B0007_discharge.csv
468,480,24,"19 May 2008, 15:34:33",3.358875203139184,-0.0015650443824287,38.811189817257485,0.0006,0.001,2891.656,1.4819015554137276,B0007_discharge.csv
469,482,24,"19 May 2008, 20:59:48",3.342159118711169,-0.0009070035770707,39.34594908710914,0.0006,0.001,2901.25,1.4981366198874824,B0007_discharge.csv
470,484,24,"20 May 2008, 01:16:42",3.3565594399139247,-0.0013002373048875,39.11711609045484,0.0006,0.001,2891.703,1.4820775214392872,B0007_discharge.csv
471,488,24,"20 May 2008, 06:12:06",3.3536423529046835,0.0004646179558224,39.066384609141416,0.0006,0.001,2883.016,1.4771155312812152,B0007_discharge.csv
472,492,24,"20 May 2008, 11:07:23",3.3568006007742333,-0.0012758203726868,38.96679965833352,0.0006,0.001,2873.453,1.4720772783056488,B0007_discharge.csv
473,496,24,"20 May 2008, 15:57:27",3.377870432421932,0.0016237518773434,38.87062731888236,0.0004,0.001,2874.031,1.472248013656454,B0007_discharge.csv
474,500,24,"20 May 2008, 20:50:39",3.3707190923138297,-7.382594279606544e-06,39.10661060402447,0.0006,0.001,2874.234,1.4670106672274663,B0007_discharge.csv
475,504,24,"21 May 2008, 01:39:38",3.3763359727220545,-0.0028950883757294,38.88228667180197,0.0006,0.001,2864.984,1.461767249533538,B0007_discharge.csv
476,508,24,"21 May 2008, 06:24:27",3.3771082923856097,-0.0008091498803022,38.73206805880294,0.0006,0.001,2855.093,1.4566952670489708,B0007_discharge.csv
477,512,24,"21 May 2008, 11:18:06",3.394007023604369,-0.0019951234434336,38.39540666371686,0.0006,0.001,2855.625,1.451354972758956,B0007_discharge.csv
478,516,24,"21 May 2008, 16:10:21",3.3898074174795547,-0.0052375075429794,38.72040763983052,0.0006,0.001,2855.594,1.451615926257375,B0007_discharge.csv
479,520,24,"21 May 2008, 21:02:09",3.3952983014087663,-0.0033538611864046,38.50808796851895,0.0006,0.001,2847.437,1.4468161332173683,B0007_discharge.csv
480,524,24,"22 May 2008, 01:42:59",3.3858376143595152,-0.0050397340505295,38.65340097490376,0.0006,0.001,2847.36,1.4467570607768785,B0007_discharge.csv
481,528,24,"22 May 2008, 06:32:40",3.3898811613377484,-0.0034193104666235,38.45953434074311,0.0006,0.001,2837.328,1.4413797481446793,B0007_discharge.csv
482,532,24,"22 May 2008, 11:23:22",3.40734217525576,0.0021315502195588,38.11383483160118,0.0006,0.001,2837.281,1.4362456252208178,B0007_discharge.csv
483,536,24,"22 May 2008, 16:17:58",3.400524264032214,-0.0008047558542192,38.40789275275493,0.0006,0.001,2838.515,1.4368154153924828,B0007_discharge.csv
484,540,24,"22 May 2008, 20:59:50",3.387847710477503,-0.0045554064752978,38.738944860470426,0.0006,0.001,2828.328,1.4362945145860049,B0007_discharge.csv
485,544,24,"23 May 2008, 12:13:16",3.3798450546195107,-0.0030392429450324,38.44322381977396,0.0006,0.001,2838.265,1.4418575315878015,B0007_discharge.csv
486,547,24,"23 May 2008, 20:14:29",3.365955839237344,-0.0024950251020196,38.5956553816722,0.0006,0.001,2864.547,1.4672063484781797,B0007_discharge.csv
487,551,24,"24 May 2008, 01:09:21",3.3610293799331203,-0.0026026241387774,38.84706977249987,0.0006,0.001,2846.39,1.4518640367848883,B0007_discharge.csv
488,555,24,"24 May 2008, 06:00:20",3.388753259523979,-0.0023554524186094,38.30628245795682,0.0006,0.001,2837.969,1.44713797527485,B0007_discharge.csv
489,559,24,"24 May 2008, 10:42:50",3.4010627300929737,-0.0019411704343355,38.1000840545488,0.0006,0.001,2838.156,1.441790586562399,B0007_discharge.csv
490,563,24,"24 May 2008, 15:31:10",3.403129377479551,-0.0093882740973474,38.06252865040494,0.0006,0.001,2829.843,1.431630947911111,B0007_discharge.csv
491,567,24,"24 May 2008, 20:21:13",3.3918482072725205,-0.0017819775524088,38.35118171026275,0.0006,0.001,2829.625,1.4318084249673686,B0007_discharge.csv
492,571,24,"25 May 2008, 01:06:49",3.402983452982521,-0.0023297951523034,38.13413916820579,0.0006,0.001,2819.437,1.4262562585106868,B0007_discharge.csv
493,575,24,"25 May 2008, 05:57:17",3.4181159643802896,-0.0010660964869386,37.8571311440432,0.0004,0.001,2819.579,1.4260877528924911,B0007_discharge.csv
494,579,24,"25 May 2008, 10:51:37",3.3989491882730096,0.0005835512713608,38.28908688322454,0.0006,0.001,2810.672,1.4212633510031694,B0007_discharge.csv
495,583,24,"25 May 2008, 15:37:08",3.417481499281654,-0.00496907175412,37.97196869978974,0.0006,0.001,2811.485,1.4163272748795108,B0007_discharge.csv
496,587,24,"25 May 2008, 20:23:04",3.397325967640404,-0.0033923838578048,38.40397607001793,0.0006,0.001,2802.422,1.4165781829175994,B0007_discharge.csv
497,591,24,"26 May 2008, 01:13:02",3.417693830341496,9.962326219440135e-05,38.04807931537628,0.0006,0.001,2801.625,1.4108401729425175,B0007_discharge.csv
498,595,24,"26 May 2008, 06:01:08",3.409762325973159,-0.0037641785849609,38.189045060988256,0.0006,0.001,2802.031,1.4109949628347804,B0007_discharge.csv
499,599,24,"26 May 2008, 10:44:38",3.41846837609454,-0.0015567739686208,38.03277234516582,0.0006,0.001,2793.39,1.40617142903988,B0007_discharge.csv
500,603,24,"26 May 2008, 15:30:43",3.410207417331352,-0.0018484186632194,38.26757391194342,0.0004,0.001,2793.39,1.4063358479692922,B0007_discharge.csv
501,607,24,"26 May 2008, 20:21:04",3.428899305283849,-0.0014842632786489,37.94497591210043,0.0006,0.001,2792.485,1.4004552399066514,B0007_discharge.csv
502,611,24,"27 May 2008, 15:52:41",3.372148496187205,-0.0019917517449771,38.47067655766163,0.0006,0.001,2802.016,1.4217865046055154,B0007_discharge.csv
503,613,24,"27 May 2008, 20:45:42",3.383856648869605,-0.000984538239035,37.8516024462607,0.0006,0.001,2820.39,1.4324552720625434,B0007_discharge.csv
